takeoff_idx,landing_idx,duration_ms,height_m,amplitude,jump_number
178,195,536.0,0.35229672000000006,1.2131816903882446,1
267,273,190.0,0.044267625000000005,1.2083161728335718,2
244,273,926.0,1.0514799450000003,1.0740100179989478,3
133,139,191.0,0.04473482625,0.9691822416327212,4
1225,1242,537.0,0.3536124862500001,0.9550480998215604,5
1375,1382,220.0,0.0593505,0.917567057460988,6
1351,1358,224.0,0.06152832000000001,0.9023019126379754,7
